heading,line,cond_num,Hs,Tp,n_runs,static_kN,dyn_mean_kN,dyn_max_kN,dyn_std_kN
0deg,HL7,1,0.5000,1.5000,5,1216.6462,1216.9223,1217.9540,0.0455
0deg,HL7,2,0.8300,1.9300,5,1215.8205,1216.1109,1218.8145,0.1704
0deg,HL7,3,1.1700,2.2900,5,1214.6191,1208.4857,1219.1369,0.8182
0deg,HL7,4,1.5000,2.5900,5,1213.0777,1180.9683,1217.4297,0.3350
0deg,HL7,5,1.8300,2.8700,5,1211.5397,1161.1616,1217.1088,1.3850
0deg,HL7,6,2.1700,3.1200,5,1208.0460,1150.5503,1212.5758,1.6685
0deg,HL7,7,2.5000,3.3500,5,1202.8790,1141.9066,1248.4922,18.4513
0deg,HL7,8,2.8300,3.5600,5,1195.9738,1135.5428,1427.0345,90.3802
0deg,HL7,9,3.1700,3.7700,5,1186.6917,1138.9126,1675.0732,175.7256
0deg,HL9,1,0.5000,1.7000,5,1216.6178,1216.9165,1218.0073,0.0814
0deg,HL9,2,0.8300,2.1900,5,1215.8019,1216.0980,1218.9310,0.2004
0deg,HL9,3,1.1700,2.5900,5,1214.6169,1207.5550,1219.3434,0.7697
0deg,HL9,4,1.5000,2.9400,5,1213.0564,1179.6866,1217.3696,0.5178
0deg,HL9,5,1.8300,3.2500,5,1211.5284,1161.0211,1216.9451,1.1940
0deg,HL9,6,2.1700,3.5300,5,1208.0548,1150.5984,1212.8816,2.0729
0deg,HL9,7,2.5000,3.8000,5,1203.0550,1142.0118,1251.3539,19.8915
0deg,HL9,8,2.8300,4.0400,5,1196.3761,1135.3232,1386.6079,89.8521
0deg,HL9,9,3.1700,4.2700,5,1187.3940,1137.5329,1551.1799,139.3277
0deg,HL11,1,0.5000,1.8800,5,1216.6361,1216.9129,1218.0413,0.0742
0deg,HL11,2,0.8300,2.4200,5,1215.7999,1216.0904,1219.1998,0.2318
0deg,HL11,3,1.1700,2.8700,5,1214.5957,1206.8258,1219.0086,0.6300
0deg,HL11,4,1.5000,3.2500,5,1213.0285,1178.6771,1217.9052,0.7261
0deg,HL11,5,1.8300,3.5900,5,1211.5208,1160.7342,1217.0320,2.2867
0deg,HL11,6,2.1700,3.9100,5,1208.1404,1150.7646,1215.5334,2.9633
0deg,HL11,7,2.5000,4.2000,5,1203.2766,1142.0869,1229.9082,10.0437
0deg,HL11,8,2.8300,4.4700,5,1196.7067,1135.5526,1366.5386,76.7271
0deg,HL11,9,3.1700,4.7200,5,1187.9101,1137.4511,1600.1823,118.4298
0deg,HL13,1,0.5000,2.0400,5,1216.6272,1216.9106,1218.0469,0.0679
0deg,HL13,2,0.8300,2.6300,5,1215.7815,1216.0852,1219.4085,0.3944
0deg,HL13,3,1.1700,3.1200,5,1214.5871,1206.4513,1218.4438,0.4542
0deg,HL13,4,1.5000,3.5300,5,1213.0282,1177.8288,1217.6148,1.4272
0deg,HL13,5,1.8300,3.9100,5,1211.5900,1161.0863,1217.2742,1.4688
0deg,HL13,6,2.1700,4.2500,5,1208.2342,1150.7776,1215.4012,3.5022
0deg,HL13,7,2.5000,4.5600,5,1203.4431,1142.3851,1220.7840,7.4432
0deg,HL13,8,2.8300,4.8600,5,1197.0100,1137.5572,1393.2797,80.9082
0deg,HL13,9,3.1700,5.1300,5,1188.5395,1138.9230,1619.7640,157.8126
0deg,HL15,1,0.5000,2.1900,5,1216.6176,1216.9087,1218.1415,0.0975
0deg,HL15,2,0.8300,2.8300,5,1215.7804,1216.0555,1219.4884,0.4727
0deg,HL15,3,1.1700,3.3500,5,1214.5767,1206.0310,1218.6043,0.3095
0deg,HL15,4,1.5000,3.8000,5,1213.0480,1177.7037,1218.6611,1.0444
0deg,HL15,5,1.8300,4.2000,5,1211.0485,1160.8230,1218.2927,3.1475
0deg,HL15,6,2.1700,4.5600,5,1208.4888,1150.9369,1210.5282,0.7428
0deg,HL15,7,2.5000,4.9000,5,1203.6407,1144.0579,1233.3594,10.5686
0deg,HL15,8,2.8300,5.2200,5,1197.3922,1139.6816,1382.8283,88.9443
0deg,HL15,9,3.1700,5.5200,5,1189.3232,1140.7830,1809.0926,214.3868
0deg,HL17,1,0.5000,2.3300,5,1216.6175,1216.9072,1218.2163,0.1244
0deg,HL17,2,0.8300,3.0100,5,1215.7801,1215.9885,1219.4885,0.3911
0deg,HL17,3,1.1700,3.5600,5,1214.5873,1205.9882,1218.8812,0.5465
0deg,HL17,4,1.5000,4.0400,5,1213.0883,1177.1868,1220.1773,1.6131
0deg,HL17,5,1.8300,4.4700,5,1211.0896,1161.0122,1212.4059,0.5993
0deg,HL17,6,2.1700,4.8600,5,1208.5892,1151.8007,1216.1421,2.1078
0deg,HL17,7,2.5000,5.2200,5,1203.8694,1145.6816,1223.3561,4.8351
0deg,HL17,8,2.8300,5.5500,5,1197.7965,1141.6247,1443.8494,105.9133
0deg,HL17,9,3.1700,5.8700,5,1189.4085,1140.9438,1830.9488,219.2495
0deg,HL19,1,0.5000,2.4700,5,1216.6170,1216.9060,1218.2316,0.1176
0deg,HL19,2,0.8300,3.1800,5,1215.7898,1215.9784,1219.2738,0.2875
0deg,HL19,3,1.1700,3.7700,5,1214.5959,1205.8283,1218.9271,0.3029
0deg,HL19,4,1.5000,4.2700,5,1213.0997,1176.5049,1219.5258,1.8608
0deg,HL19,5,1.8300,4.7200,5,1211.1111,1160.8705,1216.8798,1.8931
0deg,HL19,6,2.1700,5.1300,5,1208.6751,1152.7766,1218.7943,3.8366
0deg,HL19,7,2.5000,5.5200,5,1204.1108,1147.1467,1230.7830,8.3919
0deg,HL19,8,2.8300,5.8700,5,1198.1916,1143.2395,1510.1565,125.6397
0deg,HL19,9,3.1700,6.2100,5,1190.6662,1143.8495,1917.8614,230.2865
0deg,HL21,1,0.5000,2.5900,5,1216.6077,1216.9050,1218.2672,0.1335
0deg,HL21,2,0.8300,3.3500,5,1215.7895,1215.9780,1219.1768,0.2241
0deg,HL21,3,1.1700,3.9600,5,1214.5983,1205.1176,1219.8318,0.8899
0deg,HL21,4,1.5000,4.4900,5,1213.1004,1175.4063,1219.1805,2.2079
0deg,HL21,5,1.8300,4.9700,5,1211.1422,1161.6123,1219.4464,1.7614
0deg,HL21,6,2.1700,5.4000,5,1208.7777,1154.0537,1217.4687,3.4036
0deg,HL21,7,2.5000,5.8000,5,1204.3694,1148.4838,1261.9326,23.0404
0deg,HL21,8,2.8300,6.1700,5,1198.5541,1144.6720,1522.9067,122.2597
0deg,HL21,9,3.1700,6.5300,5,1191.1527,1145.4536,1917.6234,226.4134
0deg,HL23,1,0.5000,2.7100,5,1216.6076,1216.9043,1218.3315,0.1609
0deg,HL23,2,0.8300,3.5000,5,1215.7898,1216.0031,1219.4109,0.2748
0deg,HL23,3,1.1700,4.1500,5,1214.6169,1204.4846,1219.8368,0.6509
0deg,HL23,4,1.5000,4.7000,5,1213.1114,1174.2396,1218.4379,1.5635
0deg,HL23,5,1.8300,5.2000,5,1211.2050,1161.9963,1220.0711,3.6134
0deg,HL23,6,2.1700,5.6500,5,1208.8727,1154.7578,1217.5856,3.3291
0deg,HL23,7,2.5000,6.0700,5,1204.6092,1149.5993,1268.1773,25.6468
0deg,HL23,8,2.8300,6.4600,5,1198.9155,1145.9752,1521.5481,120.8643
0deg,HL23,9,3.1700,6.8300,5,1191.6164,1147.1917,1887.5293,208.0576
0deg,HL25,1,0.5000,2.8300,5,1216.6261,1216.9038,1218.3651,0.1601
0deg,HL25,2,0.8300,3.6500,5,1215.7803,1216.0357,1219.2516,0.2030
0deg,HL25,3,1.1700,4.3200,5,1214.6088,1203.8306,1220.4530,1.1574
0deg,HL25,4,1.5000,4.9000,5,1213.1218,1173.1315,1219.8948,1.7359
0deg,HL25,5,1.8300,5.4200,5,1211.2378,1162.2878,1220.1059,3.5240
0deg,HL25,6,2.1700,5.8900,5,1208.9768,1155.7629,1219.5904,4.4921
0deg,HL25,7,2.5000,6.3300,5,1204.7879,1150.5177,1276.2311,28.2806
0deg,HL25,8,2.8300,6.7400,5,1199.1952,1147.3278,1508.5462,112.7640
0deg,HL27,1,0.5000,2.9400,5,1216.6261,1216.9037,1218.3558,0.1666
0deg,HL27,2,0.8300,3.8000,5,1215.7895,1216.0440,1219.3278,0.2787
0deg,HL27,3,1.1700,4.4900,5,1214.6278,1202.6858,1219.9563,1.1402
0deg,HL27,4,1.5000,5.0900,5,1213.1419,1172.9557,1220.8799,1.1594
0deg,HL27,5,1.8300,5.6300,5,1211.2890,1162.7450,1219.7657,3.4894
0deg,HL27,6,2.1700,6.1200,5,1209.0697,1156.4772,1220.1025,4.6908
0deg,HL27,7,2.5000,6.5800,5,1204.9749,1151.5486,1278.2662,28.4014
0deg,HL29,1,0.5000,3.0500,5,1216.6258,1216.9038,1218.4037,0.1341
0deg,HL29,2,0.8300,3.9300,5,1215.7810,1216.0876,1219.7590,0.3112
0deg,HL29,3,1.1700,4.6600,5,1214.6190,1201.3090,1219.4770,0.9153
0deg,HL29,4,1.5000,5.2800,5,1213.1712,1172.1828,1221.1026,3.1106
0deg,HL29,5,1.8300,5.8400,5,1211.3403,1163.0071,1221.5840,4.1631
0deg,HL29,6,2.1700,6.3400,5,1209.1529,1157.0958,1221.0195,4.2719
0deg,HL29,7,2.5000,6.8100,5,1205.1111,1152.4628,1281.8555,29.5950
45deg,HL7,1,0.5000,1.5000,5,1223.5328,1223.6940,1228.4091,0.5621
45deg,HL7,2,0.8300,1.9300,5,1219.6790,1219.7442,1231.3974,0.6640
45deg,HL7,3,1.1700,2.2900,5,1214.0522,1214.2789,1240.5599,2.9750
45deg,HL7,4,1.5000,2.5900,5,1207.6585,1207.6751,1251.5856,4.8657
45deg,HL7,5,1.8300,2.8700,5,1200.1213,1198.7479,1277.8057,12.1862
45deg,HL7,6,2.1700,3.1200,5,1191.3462,1187.7933,1313.6926,23.5817
45deg,HL7,7,2.5000,3.3500,5,1181.4582,1182.1379,1379.1509,37.2295
45deg,HL7,8,2.8300,3.5600,5,1170.4397,1173.9726,1448.5400,46.6475
45deg,HL7,9,3.1700,3.7700,5,1157.8038,1165.5128,1498.4395,25.0650
45deg,HL9,1,0.5000,1.7000,5,1223.4802,1223.6314,1228.7243,0.5392
45deg,HL9,2,0.8300,2.1900,5,1219.5827,1219.6478,1233.4592,1.4887
45deg,HL9,3,1.1700,2.5900,5,1213.8698,1214.1375,1242.9130,3.3161
45deg,HL9,4,1.5000,2.9400,5,1207.4031,1207.3824,1258.7284,7.5582
45deg,HL9,5,1.8300,3.2500,5,1199.8424,1198.8752,1282.1778,13.5455
45deg,HL9,6,2.1700,3.5300,5,1190.9819,1188.2625,1303.0322,14.8037
45deg,HL9,7,2.5000,3.8000,5,1181.1058,1181.6690,1349.6255,24.4603
45deg,HL9,8,2.8300,4.0400,5,1170.0447,1172.9766,1415.7790,30.3040
45deg,HL9,9,3.1700,4.2700,5,1157.2789,1164.7067,1529.9850,49.9105
45deg,HL11,1,0.5000,1.8800,5,1223.4379,1223.5968,1228.3695,0.3865
45deg,HL11,2,0.8300,2.4200,5,1219.5150,1219.5861,1234.7184,1.8207
45deg,HL11,3,1.1700,2.8700,5,1213.7520,1214.0515,1245.7117,4.4935
45deg,HL11,4,1.5000,3.2500,5,1207.2733,1207.3224,1260.4617,7.7356
45deg,HL11,5,1.8300,3.5900,5,1199.6831,1198.8160,1273.4609,9.9058
45deg,HL11,6,2.1700,3.9100,5,1190.7703,1188.3746,1308.6765,15.7237
45deg,HL11,7,2.5000,4.2000,5,1181.0484,1180.5010,1361.7285,29.9398
45deg,HL11,8,2.8300,4.4700,5,1169.5855,1172.6076,1422.1875,41.5330
45deg,HL11,9,3.1700,4.7200,5,1156.4725,1162.9681,1517.4312,51.0262
45deg,HL13,1,0.5000,2.0400,5,1223.4250,1223.5739,1228.8568,0.5420
45deg,HL13,2,0.8300,2.6300,5,1219.4532,1219.5406,1235.7808,2.0833
45deg,HL13,3,1.1700,3.1200,5,1213.6687,1214.0038,1247.3258,5.1988
45deg,HL13,4,1.5000,3.5300,5,1207.1972,1207.2974,1255.2664,5.8759
45deg,HL13,5,1.8300,3.9100,5,1199.5649,1198.8106,1283.5881,11.9745
45deg,HL13,6,2.1700,4.2500,5,1190.6178,1188.7038,1318.0535,20.3352
45deg,HL13,7,2.5000,4.5600,5,1180.6868,1178.5261,1357.4140,25.7364
45deg,HL13,8,2.8300,4.8600,5,1168.9593,1171.0537,1426.4294,36.6961
45deg,HL13,9,3.1700,5.1300,5,1155.5186,1159.0795,1549.9076,54.9598
45deg,HL15,1,0.5000,2.1900,5,1223.4041,1223.5569,1229.2967,0.6850
45deg,HL15,2,0.8300,2.8300,5,1219.4090,1219.5099,1236.7301,2.5631
45deg,HL15,3,1.1700,3.3500,5,1213.8712,1213.9705,1245.7781,4.2614
45deg,HL15,4,1.5000,3.8000,5,1207.1126,1207.2405,1261.1932,6.5847
45deg,HL15,5,1.8300,4.2000,5,1199.4791,1198.6218,1287.9905,15.1073
45deg,HL15,6,2.1700,4.5600,5,1190.3744,1186.3747,1313.3510,17.8677
45deg,HL15,7,2.5000,4.9000,5,1180.2237,1176.9609,1373.1200,31.3701
45deg,HL15,8,2.8300,5.2200,5,1168.2377,1165.8959,1443.4195,34.8637
45deg,HL15,9,3.1700,5.5200,5,1154.3119,1153.5990,1581.1592,60.4778
45deg,HL17,1,0.5000,2.3300,5,1223.3739,1223.5441,1229.6304,0.7879
45deg,HL17,2,0.8300,3.0100,5,1219.3685,1219.4912,1237.3733,2.8805
45deg,HL17,3,1.1700,3.5600,5,1213.8189,1213.9413,1243.4221,3.4968
45deg,HL17,4,1.5000,4.0400,5,1207.0594,1207.0642,1266.1788,9.0322
45deg,HL17,5,1.8300,4.4700,5,1199.3404,1198.5897,1287.6644,12.4567
45deg,HL17,6,2.1700,4.8600,5,1190.0875,1184.6384,1314.6141,17.8737
45deg,HL17,7,2.5000,5.2200,5,1179.7245,1172.3722,1368.0504,28.6371
45deg,HL17,8,2.8300,5.5500,5,1167.3922,1161.5466,1450.5550,37.9413
45deg,HL17,9,3.1700,5.8700,5,1154.1417,1152.5788,1562.0069,63.1214
45deg,HL19,1,0.5000,2.4700,5,1223.3719,1223.5327,1229.8703,0.8775
45deg,HL19,2,0.8300,3.1800,5,1219.3469,1219.4770,1237.4594,2.6856
45deg,HL19,3,1.1700,3.7700,5,1213.7785,1213.9116,1245.8960,3.4355
45deg,HL19,4,1.5000,4.2700,5,1207.0062,1206.8855,1266.7928,8.8787
45deg,HL19,5,1.8300,4.7200,5,1199.1609,1197.0207,1292.9909,15.3736
45deg,HL19,6,2.1700,5.1300,5,1189.7704,1181.5335,1308.0570,12.0069
45deg,HL19,7,2.5000,5.5200,5,1179.1507,1168.6190,1362.2043,27.3830
45deg,HL19,8,2.8300,5.8700,5,1166.3333,1156.5348,1468.3612,38.1792
45deg,HL19,9,3.1700,6.2100,5,1151.2718,1143.5668,1647.4874,98.7412
45deg,HL21,1,0.5000,2.5900,5,1223.3619,1223.5239,1230.0938,0.9160
45deg,HL21,2,0.8300,3.3500,5,1219.3258,1219.4658,1236.8893,2.2091
45deg,HL21,3,1.1700,3.9600,5,1213.7662,1213.8849,1248.2005,4.4983
45deg,HL21,4,1.5000,4.4900,5,1206.9110,1206.8917,1268.2983,9.1349
45deg,HL21,5,1.8300,4.9700,5,1198.9898,1193.5770,1283.9792,10.8451
45deg,HL21,6,2.1700,5.4000,5,1189.4008,1177.3756,1321.4989,18.0205
45deg,HL21,7,2.5000,5.8000,5,1178.4425,1165.2179,1363.4719,20.0009
45deg,HL21,8,2.8300,6.1700,5,1165.2107,1153.2043,1476.7795,49.4501
45deg,HL21,9,3.1700,6.5300,5,1149.6424,1140.5130,1698.5758,99.0229
45deg,HL23,1,0.5000,2.7100,5,1223.3512,1223.5166,1230.3360,0.9965
45deg,HL23,2,0.8300,3.5000,5,1219.3140,1219.4563,1236.9977,2.2406
45deg,HL23,3,1.1700,4.1500,5,1213.7448,1213.8719,1247.2702,4.0199
45deg,HL23,4,1.5000,4.7000,5,1206.8164,1206.1548,1271.1756,9.5746
45deg,HL23,5,1.8300,5.2000,5,1198.7898,1190.3564,1290.5289,13.1158
45deg,HL23,6,2.1700,5.6500,5,1188.9865,1173.7104,1322.1063,15.2651
45deg,HL23,7,2.5000,6.0700,5,1177.6709,1162.0659,1410.3990,36.2182
45deg,HL23,8,2.8300,6.4600,5,1164.0464,1150.5336,1528.5677,65.4165
45deg,HL23,9,3.1700,6.8300,5,1148.1287,1138.7680,1701.6157,84.7488
45deg,HL25,1,0.5000,2.8300,5,1223.3405,1223.5111,1230.5299,1.0996
45deg,HL25,2,0.8300,3.6500,5,1219.3044,1219.4461,1235.9501,1.7471
45deg,HL25,3,1.1700,4.3200,5,1213.7024,1213.8626,1252.2631,5.4993
45deg,HL25,4,1.5000,4.9000,5,1206.7297,1204.3990,1271.8057,9.7579
45deg,HL25,5,1.8300,5.4200,5,1198.5674,1185.4852,1289.7664,11.2647
45deg,HL25,6,2.1700,5.8900,5,1188.5002,1170.5877,1340.8775,25.4365
45deg,HL25,7,2.5000,6.3300,5,1176.8663,1159.6274,1429.9362,40.0992
45deg,HL25,8,2.8300,6.7400,5,1162.9240,1148.5537,1530.0546,62.2974
45deg,HL27,1,0.5000,2.9400,5,1223.3119,1223.5071,1230.8047,1.1696
45deg,HL27,2,0.8300,3.8000,5,1219.2922,1219.4371,1237.8231,2.2290
45deg,HL27,3,1.1700,4.4900,5,1213.6709,1213.8189,1253.2044,5.7731
45deg,HL27,4,1.5000,5.0900,5,1206.6341,1202.3224,1265.4844,7.0940
45deg,HL27,5,1.8300,5.6300,5,1198.3334,1180.9083,1290.5100,12.4880
45deg,HL27,6,2.1700,6.1200,5,1187.9919,1168.7501,1361.5108,30.9977
45deg,HL27,7,2.5000,6.5800,5,1176.0918,1158.1269,1440.0076,39.3132
45deg,HL29,1,0.5000,3.0500,5,1223.3107,1223.5036,1230.6751,1.0718
45deg,HL29,2,0.8300,3.9300,5,1219.2928,1219.4313,1238.0396,2.3863
45deg,HL29,3,1.1700,4.6600,5,1213.6377,1213.6919,1248.0954,2.4916
45deg,HL29,4,1.5000,5.2800,5,1206.5078,1198.9624,1270.7239,8.9259
45deg,HL29,5,1.8300,5.8400,5,1198.0377,1177.5960,1296.2005,16.4339
45deg,HL29,6,2.1700,6.3400,5,1187.4832,1167.2500,1352.7486,26.9565
45deg,HL29,7,2.5000,6.8100,5,1175.2025,1156.9072,1477.6581,47.1936
90deg,HL7,1,0.5000,1.5000,5,1222.2425,1222.1479,1231.3997,1.1267
90deg,HL7,2,0.8300,1.9300,5,1215.7642,1215.3788,1238.7185,1.6832
90deg,HL7,3,1.1700,2.2900,5,1206.2433,1206.0469,1258.2423,4.3374
90deg,HL7,4,1.5000,2.5900,5,1195.3965,1195.5134,1295.1784,8.4979
90deg,HL7,5,1.8300,2.8700,5,1181.6132,1191.4911,1387.1503,26.5830
90deg,HL7,6,2.1700,3.1200,5,1164.8049,1183.0298,1617.5943,87.3225
90deg,HL7,7,2.5000,3.3500,5,1146.3255,1170.4068,1980.6801,158.2575
90deg,HL7,8,2.8300,3.5600,5,1125.1673,1156.9970,2779.8708,350.2212
90deg,HL7,9,3.1700,3.7700,5,1100.8540,1141.5167,3387.0013,472.3416
90deg,HL9,1,0.5000,1.7000,5,1216.9173,1220.9853,1231.8381,2.4141
90deg,HL9,2,0.8300,2.1900,5,1215.7144,1215.1124,1242.4489,2.4076
90deg,HL9,3,1.1700,2.5900,5,1211.5730,1202.5850,1265.1228,6.2382
90deg,HL9,4,1.5000,2.9400,5,1203.6048,1186.7127,1324.0852,20.7826
90deg,HL9,5,1.8300,3.2500,5,1191.4509,1176.1952,1425.0636,38.8261
90deg,HL9,6,2.1700,3.5300,5,1176.3786,1162.1558,1698.7969,115.6775
90deg,HL9,7,2.5000,3.8000,5,1159.2119,1145.2031,2463.3954,321.1545
90deg,HL9,8,2.8300,4.0400,5,1139.7306,1128.1053,3261.7856,514.4705
90deg,HL9,9,3.1700,4.2700,5,1117.0620,1115.7775,3530.7365,339.8516
90deg,HL11,1,0.5000,1.8800,5,1221.9680,1221.9396,1231.2336,0.9192
90deg,HL11,2,0.8300,2.4200,5,1215.1546,1215.0481,1242.7034,1.3748
90deg,HL11,3,1.1700,2.8700,5,1205.3974,1205.3327,1282.3076,7.9492
90deg,HL11,4,1.5000,3.2500,5,1194.4756,1186.9713,1321.4094,12.4678
90deg,HL11,5,1.8300,3.5900,5,1180.6521,1175.1921,1441.1107,34.0177
90deg,HL11,6,2.1700,3.9100,5,1163.7507,1158.5170,1726.1209,75.8149
90deg,HL11,7,2.5000,4.2000,5,1145.2478,1141.0433,2180.1907,166.1275
90deg,HL11,8,2.8300,4.4700,5,1124.0025,1126.2468,2764.4886,160.1279
90deg,HL11,9,3.1700,4.7200,5,1099.3411,1119.7132,3778.3627,344.3005
90deg,HL13,1,0.5000,2.0400,5,1221.8835,1221.8889,1231.3731,0.6707
90deg,HL13,2,0.8300,2.6300,5,1215.0044,1214.9502,1251.5232,2.9330
90deg,HL13,3,1.1700,3.1200,5,1205.2072,1199.6749,1289.1359,7.6700
90deg,HL13,4,1.5000,3.5300,5,1194.2652,1180.6229,1339.8143,10.6883
90deg,HL13,5,1.8300,3.9100,5,1180.4394,1165.2735,1456.8427,23.0221
90deg,HL13,6,2.1700,4.2500,5,1163.5585,1148.5686,1767.5715,67.1734
90deg,HL13,7,2.5000,4.5600,5,1144.9284,1133.9317,2135.1193,96.1801
90deg,HL13,8,2.8300,4.8600,5,1123.2823,1125.8391,2884.7451,186.5605
90deg,HL13,9,3.1700,5.1300,5,1097.8929,1129.5651,3745.9083,211.4034
90deg,HL15,1,0.5000,2.1900,5,1221.8193,1221.8509,1232.2677,0.7954
90deg,HL15,2,0.8300,2.8300,5,1214.8690,1214.8904,1254.0132,2.7310
90deg,HL15,3,1.1700,3.3500,5,1205.1017,1188.8432,1287.7920,6.9494
90deg,HL15,4,1.5000,3.8000,5,1194.1193,1173.3503,1390.9429,21.9079
90deg,HL15,5,1.8300,4.2000,5,1180.3128,1157.4669,1501.7764,13.7344
90deg,HL15,6,2.1700,4.5600,5,1163.3263,1143.3860,1843.3405,80.2597
90deg,HL15,7,2.5000,4.9000,5,1144.3603,1134.4182,2388.4635,200.3854
90deg,HL15,8,2.8300,5.2200,5,1122.1085,1134.6935,3922.9630,556.8774
90deg,HL15,9,3.1700,5.5200,5,1095.7433,1147.5810,3936.8423,177.4048
90deg,HL17,1,0.5000,2.3300,5,1221.7571,1221.8215,1233.0276,0.8069
90deg,HL17,2,0.8300,3.0100,5,1214.8048,1214.0339,1261.6687,3.0354
90deg,HL17,3,1.1700,3.5600,5,1204.9975,1182.3254,1305.5771,9.2111
90deg,HL17,4,1.5000,4.0400,5,1194.0429,1167.1200,1431.5021,26.4774
90deg,HL17,5,1.8300,4.4700,5,1180.1961,1152.6481,1598.4601,37.0407
90deg,HL17,6,2.1700,4.8600,5,1163.1157,1142.8725,1857.8524,53.1501
90deg,HL17,7,2.5000,5.2200,5,1143.5336,1140.6348,2981.2503,369.2497
90deg,HL17,8,2.8300,5.5500,5,1120.5556,1148.1393,3963.0398,478.9378
90deg,HL17,9,3.1700,5.8700,5,1095.3856,1150.3518,4704.9526,485.1581
90deg,HL19,1,0.5000,2.4700,5,1221.7049,1221.7957,1234.4440,0.4227
90deg,HL19,2,0.8300,3.1800,5,1214.7618,1210.5425,1266.8903,3.9936
90deg,HL19,3,1.1700,3.7700,5,1204.9423,1177.3569,1347.9629,20.6764
90deg,HL19,4,1.5000,4.2700,5,1193.9699,1162.1863,1449.4173,13.3600
90deg,HL19,5,1.8300,4.7200,5,1180.0071,1150.5320,1639.2989,25.7608
90deg,HL19,6,2.1700,5.1300,5,1162.6391,1146.0130,1976.5577,51.1801
90deg,HL19,7,2.5000,5.5200,5,1142.4643,1150.5776,3396.9948,474.0315
90deg,HL19,8,2.8300,5.8700,5,1118.6066,1165.9746,4263.3398,534.1689
90deg,HL19,9,3.1700,6.2100,5,1089.8910,1193.5144,4663.4951,191.2343
90deg,HL21,1,0.5000,2.5900,5,1221.6817,1220.7946,1236.3355,2.2845
90deg,HL21,2,0.8300,3.3500,5,1214.7101,1197.9701,1265.7636,5.5496
90deg,HL21,3,1.1700,3.9600,5,1204.9104,1168.5360,1384.1613,29.3935
90deg,HL21,4,1.5000,4.4900,5,1193.8868,1154.4956,1504.7045,27.4268
90deg,HL21,5,1.8300,4.9700,5,1179.7629,1148.3267,1772.9631,46.2678
90deg,HL21,6,2.1700,5.4000,5,1161.9730,1151.5603,2213.2027,108.9378
90deg,HL21,7,2.5000,5.8000,5,1141.1452,1165.0698,4617.9313,877.6725
90deg,HL21,8,2.8300,6.1700,5,1116.3654,1186.8752,4550.7835,374.1922
90deg,HL21,9,3.1700,6.5300,5,1086.3990,1225.6314,5811.0440,636.1123
90deg,HL23,1,0.5000,2.7100,5,1221.6599,1221.7601,1239.3727,1.3904
90deg,HL23,2,0.8300,3.5000,5,1214.6780,1195.6058,1275.8270,3.5715
90deg,HL23,3,1.1700,4.1500,5,1204.8681,1169.4121,1397.1164,29.5037
90deg,HL23,4,1.5000,4.7000,5,1193.7820,1156.8020,1547.3665,25.4999
90deg,HL23,5,1.8300,5.2000,5,1179.4166,1154.7635,1780.0582,18.5070
90deg,HL23,6,2.1700,5.6500,5,1161.1919,1162.4541,2300.6009,79.8433
90deg,HL23,7,2.5000,6.0700,5,1139.6827,1179.0555,4486.9493,716.0876
90deg,HL23,8,2.8300,6.4600,5,1113.9200,1205.0860,4093.2104,160.8146
90deg,HL23,9,3.1700,6.8300,5,1082.8711,1243.4409,5019.5307,295.9223
90deg,HL25,1,0.5000,2.8300,5,1221.6291,1221.7469,1240.4921,1.1393
90deg,HL25,2,0.8300,3.6500,5,1214.6554,1184.3036,1298.1773,12.9261
90deg,HL25,3,1.1700,4.3200,5,1204.8178,1166.3147,1402.5473,21.7712
90deg,HL25,4,1.5000,4.9000,5,1193.6642,1156.5980,1620.6041,27.0973
90deg,HL25,5,1.8300,5.4200,5,1179.0343,1160.0674,1893.3964,20.2993
90deg,HL25,6,2.1700,5.8900,5,1160.3120,1172.9895,2476.9810,132.9855
90deg,HL25,7,2.5000,6.3300,5,1138.0213,1196.2020,3913.0409,358.5612
90deg,HL25,8,2.8300,6.7400,5,1111.3371,1229.9901,4228.7078,226.9617
90deg,HL27,1,0.5000,2.9400,5,1221.6271,1221.7371,1243.4315,1.0814
90deg,HL27,2,0.8300,3.8000,5,1214.6155,1178.6795,1314.4970,18.0348
90deg,HL27,3,1.1700,4.4900,5,1204.7958,1164.0808,1430.9821,20.3407
90deg,HL27,4,1.5000,5.0900,5,1193.5048,1158.0470,1688.1056,29.8359
90deg,HL27,5,1.8300,5.6300,5,1178.5894,1166.7701,1966.7012,28.0801
90deg,HL27,6,2.1700,6.1200,5,1159.3085,1185.6844,2754.2654,202.9122
90deg,HL27,7,2.5000,6.5800,5,1136.2949,1214.4955,4695.3166,689.1375
90deg,HL29,1,0.5000,3.0500,5,1221.5972,1221.6002,1247.0568,1.4143
90deg,HL29,2,0.8300,3.9300,5,1214.5961,1175.7412,1329.8949,22.4788
90deg,HL29,3,1.1700,4.6600,5,1204.7439,1162.2412,1474.1991,29.2750
90deg,HL29,4,1.5000,5.2800,5,1193.3036,1161.0276,1726.7882,33.7133
90deg,HL29,5,1.8300,5.8400,5,1178.0306,1175.5671,2086.6213,58.7830
90deg,HL29,6,2.1700,6.3400,5,1158.2511,1198.6902,3250.0619,361.7018
90deg,HL29,7,2.5000,6.8100,5,1134.5815,1231.3793,4629.2683,619.7596
135deg,HL7,1,0.5000,1.5000,5,1224.8876,1224.8769,1230.0459,0.6592
135deg,HL7,2,0.8300,1.9300,5,1221.5415,1221.3359,1233.7265,0.9182
135deg,HL7,3,1.1700,2.2900,5,1216.6486,1216.3543,1240.4344,1.9067
135deg,HL7,4,1.5000,2.5900,5,1210.5962,1210.3092,1248.5368,2.2879
135deg,HL7,5,1.8300,2.8700,5,1202.9924,1204.6342,1277.2815,9.0682
135deg,HL7,6,2.1700,3.1200,5,1194.2275,1207.1410,1323.5802,20.0526
135deg,HL7,7,2.5000,3.3500,5,1184.5354,1217.0041,1408.6791,28.1622
135deg,HL7,8,2.8300,3.5600,5,1173.1757,1219.3291,1486.0965,40.7712
135deg,HL7,9,3.1700,3.7700,5,1160.5041,1218.7836,1724.5746,70.1994
135deg,HL9,1,0.5000,1.7000,5,1224.7931,1224.8051,1229.8621,0.6094
135deg,HL9,2,0.8300,2.1900,5,1221.3414,1221.2288,1233.8759,0.8627
135deg,HL9,3,1.1700,2.5900,5,1216.3614,1216.1784,1240.4448,1.4188
135deg,HL9,4,1.5000,2.9400,5,1210.1968,1210.2653,1258.9977,6.3232
135deg,HL9,5,1.8300,3.2500,5,1202.5799,1204.3852,1282.1221,11.2192
135deg,HL9,6,2.1700,3.5300,5,1193.7326,1206.9539,1319.1126,12.3774
135deg,HL9,7,2.5000,3.8000,5,1183.9665,1216.1555,1394.9665,21.1124
135deg,HL9,8,2.8300,4.0400,5,1172.4600,1217.4578,1511.5037,39.3435
135deg,HL9,9,3.1700,4.2700,5,1159.6077,1217.2762,1641.9884,60.5929
135deg,HL11,1,0.5000,1.8800,5,1224.7484,1224.7648,1229.6288,0.3768
135deg,HL11,2,0.8300,2.4200,5,1221.2128,1221.1557,1234.3231,1.2592
135deg,HL11,3,1.1700,2.8700,5,1216.1505,1216.0624,1244.2056,2.1215
135deg,HL11,4,1.5000,3.2500,5,1209.9757,1210.1391,1259.4292,6.3564
135deg,HL11,5,1.8300,3.5900,5,1202.2963,1204.7184,1277.4889,6.9445
135deg,HL11,6,2.1700,3.9100,5,1193.3952,1208.1927,1321.5504,9.5870
135deg,HL11,7,2.5000,4.2000,5,1183.5339,1215.3296,1422.7700,32.7652
135deg,HL11,8,2.8300,4.4700,5,1171.8064,1215.7136,1527.5994,55.2404
135deg,HL11,9,3.1700,4.7200,5,1158.5960,1214.3706,1668.6623,73.4124
135deg,HL13,1,0.5000,2.0400,5,1224.6855,1224.7375,1229.5716,0.3488
135deg,HL13,2,0.8300,2.6300,5,1221.1366,1221.0971,1234.4302,0.8642
135deg,HL13,3,1.1700,3.1200,5,1216.0338,1215.9948,1247.4922,4.2182
135deg,HL13,4,1.5000,3.5300,5,1209.8279,1210.0970,1253.8130,2.8361
135deg,HL13,5,1.8300,3.9100,5,1202.0982,1204.7225,1280.7949,5.5670
135deg,HL13,6,2.1700,4.2500,5,1193.1204,1210.6349,1324.2474,9.4597
135deg,HL13,7,2.5000,4.5600,5,1183.0993,1214.1837,1440.5396,37.8818
135deg,HL13,8,2.8300,4.8600,5,1171.0457,1213.3981,1517.7921,52.6502
135deg,HL13,9,3.1700,5.1300,5,1157.4460,1209.1984,1685.0929,79.9611
135deg,HL15,1,0.5000,2.1900,5,1224.6450,1224.7167,1229.4023,0.2436
135deg,HL15,2,0.8300,2.8300,5,1221.0431,1221.0556,1236.0807,1.1968
135deg,HL15,3,1.1700,3.3500,5,1215.9492,1215.9417,1246.2087,3.0181
135deg,HL15,4,1.5000,3.8000,5,1209.7110,1209.9495,1259.0939,3.5786
135deg,HL15,5,1.8300,4.2000,5,1201.9300,1205.5668,1294.5359,11.1537
135deg,HL15,6,2.1700,4.5600,5,1192.8162,1210.1812,1340.5142,15.1921
135deg,HL15,7,2.5000,4.9000,5,1182.5621,1213.0968,1432.2138,33.4599
135deg,HL15,8,2.8300,5.2200,5,1170.1917,1209.3589,1528.9574,57.1982
135deg,HL15,9,3.1700,5.5200,5,1156.1765,1207.0062,1914.3659,173.9170
135deg,HL17,1,0.5000,2.3300,5,1224.6310,1224.7002,1229.6193,0.3047
135deg,HL17,2,0.8300,3.0100,5,1220.9925,1221.0289,1236.7145,1.5381
135deg,HL17,3,1.1700,3.5600,5,1215.8662,1215.8930,1245.3729,2.5655
135deg,HL17,4,1.5000,4.0400,5,1209.6067,1209.8319,1262.5196,4.9044
135deg,HL17,5,1.8300,4.4700,5,1201.7598,1205.7751,1294.8153,9.4558
135deg,HL17,6,2.1700,4.8600,5,1192.4485,1210.8510,1358.2856,18.7848
135deg,HL17,7,2.5000,5.2200,5,1181.9819,1209.8198,1425.6852,26.3720
135deg,HL17,8,2.8300,5.5500,5,1169.3155,1208.8128,1552.2446,62.0256
135deg,HL17,9,3.1700,5.8700,5,1155.9874,1206.7085,1891.4768,157.6125
135deg,HL19,1,0.5000,2.4700,5,1224.5913,1224.6847,1229.9072,0.5021
135deg,HL19,2,0.8300,3.1800,5,1220.9597,1221.0084,1237.7585,2.2068
135deg,HL19,3,1.1700,3.7700,5,1215.8139,1215.8479,1248.9559,3.4789
135deg,HL19,4,1.5000,4.2700,5,1209.1047,1208.8433,1270.8152,8.7271
135deg,HL19,5,1.8300,4.7200,5,1201.5504,1206.9502,1300.2818,10.7676
135deg,HL19,6,2.1700,5.1300,5,1192.0984,1209.8672,1356.1106,22.4237
135deg,HL19,7,2.5000,5.5200,5,1181.3495,1209.6042,1457.4279,36.9006
135deg,HL19,8,2.8300,5.8700,5,1168.3109,1206.1118,1623.5731,79.7082
135deg,HL19,9,3.1700,6.2100,5,1153.3154,1200.1248,2281.8123,272.7203
135deg,HL21,1,0.5000,2.5900,5,1224.5695,1224.6725,1229.8106,0.4155
135deg,HL21,2,0.8300,3.3500,5,1220.9283,1220.9893,1237.5362,1.6395
135deg,HL21,3,1.1700,3.9600,5,1215.7527,1215.8070,1251.7054,4.6691
135deg,HL21,4,1.5000,4.4900,5,1209.0093,1208.4016,1275.4515,8.6912
135deg,HL21,5,1.8300,4.9700,5,1201.3276,1207.6184,1315.2967,14.7209
135deg,HL21,6,2.1700,5.4000,5,1191.6776,1209.9317,1360.8691,12.1896
135deg,HL21,7,2.5000,5.8000,5,1180.7136,1208.1145,1465.0077,38.3501
135deg,HL21,8,2.8300,6.1700,5,1167.5713,1202.3941,1657.0464,71.5945
135deg,HL21,9,3.1700,6.5300,5,1151.8555,1198.9318,2655.0092,407.8208
135deg,HL23,1,0.5000,2.7100,5,1224.5681,1224.6622,1230.0603,0.4919
135deg,HL23,2,0.8300,3.5000,5,1220.9161,1220.9730,1237.5120,1.6494
135deg,HL23,3,1.1700,4.1500,5,1215.7192,1215.6933,1252.1775,4.1544
135deg,HL23,4,1.5000,4.7000,5,1208.9025,1207.5443,1267.7943,4.7676
135deg,HL23,5,1.8300,5.2000,5,1201.0864,1208.4492,1308.7729,5.3143
135deg,HL23,6,2.1700,5.6500,5,1191.2554,1209.7416,1358.9026,6.1030
135deg,HL23,7,2.5000,6.0700,5,1180.0066,1204.7810,1522.3784,45.0986
135deg,HL23,8,2.8300,6.4600,5,1166.5256,1200.0897,1757.1075,114.8631
135deg,HL23,9,3.1700,6.8300,5,1150.5634,1200.5264,2418.3950,286.4264
135deg,HL25,1,0.5000,2.8300,5,1224.5388,1224.6537,1230.5518,0.5154
135deg,HL25,2,0.8300,3.6500,5,1220.8951,1220.9568,1236.6620,1.1346
135deg,HL25,3,1.1700,4.3200,5,1215.6683,1215.1389,1252.4956,4.8427
135deg,HL25,4,1.5000,4.9000,5,1208.7669,1207.3370,1279.4893,9.2844
135deg,HL25,5,1.8300,5.4200,5,1200.8550,1208.8299,1317.2548,8.6802
135deg,HL25,6,2.1700,5.8900,5,1190.8200,1208.3541,1393.5253,19.1293
135deg,HL25,7,2.5000,6.3300,5,1179.2964,1202.2809,1557.0691,50.6049
135deg,HL25,8,2.8300,6.7400,5,1165.5629,1200.4398,1822.1821,115.0056
135deg,HL27,1,0.5000,2.9400,5,1224.5187,1224.6472,1231.1669,0.8492
135deg,HL27,2,0.8300,3.8000,5,1220.8642,1220.9409,1237.1042,1.0203
135deg,HL27,3,1.1700,4.4900,5,1215.6343,1214.8114,1259.1711,6.3982
135deg,HL27,4,1.5000,5.0900,5,1208.6503,1205.5191,1272.2661,5.6783
135deg,HL27,5,1.8300,5.6300,5,1200.6198,1208.7317,1317.8750,1.3402
135deg,HL27,6,2.1700,6.1200,5,1190.3552,1205.2366,1420.7278,28.4934
135deg,HL27,7,2.5000,6.5800,5,1178.6013,1201.5078,1569.6863,52.8563
135deg,HL29,1,0.5000,3.0500,5,1224.5074,1224.6419,1231.1990,0.7980
135deg,HL29,2,0.8300,3.9300,5,1220.8438,1220.9283,1239.9560,2.1644
135deg,HL29,3,1.1700,4.6600,5,1215.5633,1213.6851,1261.1062,5.0088
135deg,HL29,4,1.5000,5.2800,5,1208.5236,1205.5011,1281.5353,8.3670
135deg,HL29,5,1.8300,5.8400,5,1200.3444,1207.6284,1322.8474,3.7844
135deg,HL29,6,2.1700,6.3400,5,1189.8908,1203.2900,1425.1113,25.0946
135deg,HL29,7,2.5000,6.8100,5,1178.0175,1202.0240,1581.5141,50.5090
180deg,HL7,1,0.5000,1.5000,5,1218.1718,1218.4253,1219.4670,0.0798
180deg,HL7,2,0.8300,1.9300,5,1218.6003,1218.8310,1221.0242,0.2529
180deg,HL7,3,1.1700,2.2900,5,1218.9444,1219.1800,1222.8811,0.4155
180deg,HL7,4,1.5000,2.5900,5,1219.2125,1219.4192,1224.8879,0.7023
180deg,HL7,5,1.8300,2.8700,5,1219.3746,1218.2078,1224.3431,0.3201
180deg,HL7,6,2.1700,3.1200,5,1219.4788,1216.9427,1226.6786,1.3093
180deg,HL7,7,2.5000,3.3500,5,1220.5560,1219.9647,1235.3251,2.1834
180deg,HL7,8,2.8300,3.5600,5,1220.4678,1226.5293,1253.7950,5.7097
180deg,HL7,9,3.1700,3.7700,5,1219.5786,1232.9846,1270.8052,8.9029
180deg,HL9,1,0.5000,1.7000,5,1218.1720,1218.4266,1219.4835,0.0719
180deg,HL9,2,0.8300,2.1900,5,1218.6012,1218.8339,1221.0798,0.2572
180deg,HL9,3,1.1700,2.5900,5,1218.9459,1219.1848,1223.0025,0.4732
180deg,HL9,4,1.5000,2.9400,5,1219.2132,1219.4049,1225.0291,0.7947
180deg,HL9,5,1.8300,3.2500,5,1219.3941,1218.2200,1224.3510,0.3305
180deg,HL9,6,2.1700,3.5300,5,1219.5092,1216.9232,1227.2929,1.4559
180deg,HL9,7,2.5000,3.8000,5,1220.5672,1219.8386,1236.7083,3.0630
180deg,HL9,8,2.8300,4.0400,5,1220.4601,1227.1102,1253.8473,5.3949
180deg,HL9,9,3.1700,4.2700,5,1219.5894,1233.0352,1267.6829,7.0953
180deg,HL11,1,0.5000,1.8800,5,1218.1810,1218.4266,1219.4895,0.0760
180deg,HL11,2,0.8300,2.4200,5,1218.6015,1218.8356,1221.1451,0.2888
180deg,HL11,3,1.1700,2.8700,5,1218.9445,1219.1861,1223.1134,0.5584
180deg,HL11,4,1.5000,3.2500,5,1219.1850,1219.3770,1224.8669,0.7404
180deg,HL11,5,1.8300,3.5900,5,1219.3853,1218.1521,1224.7335,0.4613
180deg,HL11,6,2.1700,3.9100,5,1219.4910,1216.5174,1226.8224,1.3160
180deg,HL11,7,2.5000,4.2000,5,1220.5581,1220.2545,1236.8361,2.6021
180deg,HL11,8,2.8300,4.4700,5,1220.4694,1226.5282,1251.6217,4.6474
180deg,HL11,9,3.1700,4.7200,5,1219.5881,1232.1758,1262.0249,4.1918
180deg,HL13,1,0.5000,2.0400,5,1218.1716,1218.4265,1219.4974,0.0824
180deg,HL13,2,0.8300,2.6300,5,1218.5912,1218.8357,1221.1801,0.2816
180deg,HL13,3,1.1700,3.1200,5,1218.9354,1219.1882,1223.2564,0.6265
180deg,HL13,4,1.5000,3.5300,5,1219.1946,1219.3656,1225.0164,0.7550
180deg,HL13,5,1.8300,3.9100,5,1219.3855,1217.8952,1224.8486,0.4706
180deg,HL13,6,2.1700,4.2500,5,1219.4998,1216.0745,1225.7896,0.8427
180deg,HL13,7,2.5000,4.5600,5,1220.5576,1220.4698,1237.1253,3.0148
180deg,HL13,8,2.8300,4.8600,5,1220.4687,1225.9183,1249.0397,3.0324
180deg,HL13,9,3.1700,5.1300,5,1219.5538,1232.3579,1262.7597,2.5522
180deg,HL15,1,0.5000,2.1900,5,1218.1629,1218.4271,1219.5051,0.0875
180deg,HL15,2,0.8300,2.8300,5,1218.5913,1218.8359,1221.2564,0.3109
180deg,HL15,3,1.1700,3.3500,5,1218.9363,1219.1909,1223.3260,0.6470
180deg,HL15,4,1.5000,3.8000,5,1219.2145,1219.3741,1224.6194,0.5782
180deg,HL15,5,1.8300,4.2000,5,1219.3852,1217.4327,1224.6668,0.3855
180deg,HL15,6,2.1700,4.5600,5,1219.5100,1215.1242,1227.3163,1.0218
180deg,HL15,7,2.5000,4.9000,5,1220.5575,1220.9829,1240.9743,3.0941
180deg,HL15,8,2.8300,5.2200,5,1220.4458,1226.5486,1254.6140,2.0467
180deg,HL15,9,3.1700,5.5200,5,1219.4889,1232.4961,1273.5900,3.9448
180deg,HL17,1,0.5000,2.3300,5,1218.1906,1218.4271,1219.5235,0.0954
180deg,HL17,2,0.8300,3.0100,5,1218.5919,1218.8359,1221.2999,0.3257
180deg,HL17,3,1.1700,3.5600,5,1218.9267,1219.1938,1223.3443,0.6366
180deg,HL17,4,1.5000,4.0400,5,1219.2232,1219.3375,1224.9033,0.6222
180deg,HL17,5,1.8300,4.4700,5,1219.3854,1216.0899,1225.6184,0.7260
180deg,HL17,6,2.1700,4.8600,5,1219.4909,1214.6808,1229.5343,1.3049
180deg,HL17,7,2.5000,5.2200,5,1220.5549,1220.9053,1241.7115,1.5532
180deg,HL17,8,2.8300,5.5500,5,1220.4335,1226.6453,1261.7518,2.8746
180deg,HL17,9,3.1700,5.8700,5,1219.5052,1232.5902,1275.2686,2.3656
180deg,HL19,1,0.5000,2.4700,5,1218.1907,1218.4269,1219.5297,0.0999
180deg,HL19,2,0.8300,3.1800,5,1218.5914,1218.8357,1221.2543,0.3309
180deg,HL19,3,1.1700,3.7700,5,1218.9367,1219.1991,1223.0568,0.4630
180deg,HL19,4,1.5000,4.2700,5,1219.2235,1219.2213,1224.8043,0.4295
180deg,HL19,5,1.8300,4.7200,5,1219.3767,1214.3219,1225.7818,0.7903
180deg,HL19,6,2.1700,5.1300,5,1219.4898,1215.2493,1231.8623,1.6286
180deg,HL19,7,2.5000,5.5200,5,1220.5435,1221.2713,1250.3364,2.2556
180deg,HL19,8,2.8300,5.8700,5,1220.4210,1226.9891,1270.5311,3.1173
180deg,HL19,9,3.1700,6.2100,5,1219.3419,1233.4876,1302.3782,6.5391
180deg,HL21,1,0.5000,2.5900,5,1218.1616,1218.4267,1219.5434,0.1066
180deg,HL21,2,0.8300,3.3500,5,1218.5914,1218.8363,1221.3598,0.3626
180deg,HL21,3,1.1700,3.9600,5,1218.9451,1219.2058,1223.3788,0.5945
180deg,HL21,4,1.5000,4.4900,5,1219.2240,1218.7384,1224.6401,0.4518
180deg,HL21,5,1.8300,4.9700,5,1219.3853,1211.5218,1226.9087,0.9949
180deg,HL21,6,2.1700,5.4000,5,1219.4793,1216.4549,1237.6155,1.7912
180deg,HL21,7,2.5000,5.8000,5,1220.5326,1221.7212,1255.2494,1.9423
180deg,HL21,8,2.8300,6.1700,5,1220.4050,1227.4041,1284.4744,5.5054
180deg,HL21,9,3.1700,6.5300,5,1219.2716,1234.3815,1316.5434,5.1576
180deg,HL23,1,0.5000,2.7100,5,1218.1626,1218.4270,1219.5654,0.1147
180deg,HL23,2,0.8300,3.5000,5,1218.5911,1218.8372,1221.2382,0.3138
180deg,HL23,3,1.1700,4.1500,5,1218.9451,1219.2148,1223.3204,0.4788
180deg,HL23,4,1.5000,4.7000,5,1219.2231,1217.3424,1224.8933,0.3746
180deg,HL23,5,1.8300,5.2000,5,1219.3852,1210.2821,1227.1424,0.8753
180deg,HL23,6,2.1700,5.6500,5,1219.4768,1216.6119,1243.9247,3.1793
180deg,HL23,7,2.5000,6.0700,5,1220.5294,1221.9842,1267.8417,4.8181
180deg,HL23,8,2.8300,6.4600,5,1219.8285,1228.1681,1288.4980,1.9902
180deg,HL23,9,3.1700,6.8300,5,1219.1800,1235.5802,1335.6543,6.3068
180deg,HL25,1,0.5000,2.8300,5,1218.1623,1218.4265,1219.5826,0.1242
180deg,HL25,2,0.8300,3.6500,5,1218.6009,1218.8388,1221.1900,0.2635
180deg,HL25,3,1.1700,4.3200,5,1218.9451,1219.2040,1223.1930,0.3605
180deg,HL25,4,1.5000,4.9000,5,1219.2048,1214.9319,1225.1447,0.4501
180deg,HL25,5,1.8300,5.4200,5,1219.3937,1209.8759,1230.6128,1.8422
180deg,HL25,6,2.1700,5.8900,5,1219.4950,1217.0891,1250.1485,3.2189
180deg,HL25,7,2.5000,6.3300,5,1220.4973,1222.3939,1270.7610,2.6799
180deg,HL25,8,2.8300,6.7400,5,1219.7828,1228.9797,1299.1758,2.7920
180deg,HL27,1,0.5000,2.9400,5,1218.1629,1218.4271,1219.5827,0.1218
180deg,HL27,2,0.8300,3.8000,5,1218.5817,1218.8411,1221.2237,0.2561
180deg,HL27,3,1.1700,4.4900,5,1218.9451,1219.1417,1223.6125,0.4078
180deg,HL27,4,1.5000,5.0900,5,1219.2133,1211.6563,1225.1851,0.4707
180deg,HL27,5,1.8300,5.6300,5,1219.3846,1210.8589,1233.6886,1.9315
180deg,HL27,6,2.1700,6.1200,5,1219.4654,1217.3674,1257.1887,4.0493
180deg,HL27,7,2.5000,6.5800,5,1220.4941,1222.9381,1277.4115,2.7640
180deg,HL29,1,0.5000,3.0500,5,1218.1629,1218.4269,1219.5991,0.1374
180deg,HL29,2,0.8300,3.9300,5,1218.5820,1218.8439,1221.3935,0.3235
180deg,HL29,3,1.1700,4.6600,5,1218.9269,1218.8322,1224.0945,0.3952
180deg,HL29,4,1.5000,5.2800,5,1219.1947,1208.8025,1226.5706,0.7218
180deg,HL29,5,1.8300,5.8400,5,1219.3927,1211.8031,1237.2285,1.4880
180deg,HL29,6,2.1700,6.3400,5,1219.4635,1217.6372,1256.6254,2.5649
180deg,HL29,7,2.5000,6.8100,5,1220.4807,1223.5442,1283.5951,2.1907
